{"cameraMode":{"drawMode":0,"name":"Shaded","section":"Shading Mode"},"sceneLighting":true,"audioPlay":false,"sceneViewState":{"showFog":true,"showMaterialUpdate":false,"showSkybox":true,"showFlares":true,"showImageEffects":true,"showParticleSystems":true},"in2DMode":false,"pivot":{"x":0.17016901075839997,"y":27.439006805419923,"z":41.71241760253906},"rotation":{"x":0.0066446890123188499,"y":0.9563234448432922,"z":-0.29144012928009035,"w":0.021809367462992669},"size":11.681562423706055,"orthographic":false}